Age,G,GS,Cmp,Att,Yds,TD,Int,Att,Yds,Y/A,TD,Tgt,Rec,Yds,Y/R,TD,Fmb,FL,TD,2PM,2PP,FantPt,PPR,DKPt,FDPt,VBD,PosRank,OvRank
24,14,14,0,0,0,0,0,256,1251,4.89,17,81,59,580,9.83,4,1,1,21,3,0,313,372.1,379.1,342.6,178,1,1
21,16,16,0,0,0,0,0,261,1307,5.01,11,121,91,721,7.92,4,0,0,15,1,0,295,385.8,391.8,340.3,159,2,2
22,16,16,1,1,50,1,0,219,1098,5.01,7,124,107,867,8.1,6,4,1,13,0,0,279,385.5,392.5,332,143,3,3
23,15,13,0,0,0,0,0,194,883,4.55,14,105,81,709,8.75,4,1,0,18,3,0,273,354.2,360.2,313.7,138,4,4
23,16,16,383,580,5097,50,12,60,272,4.53,2,0,0,0,0,0,9,2,2,1,0,417,417.1,437.1,429.1,134,1,5
24,16,16,0,0,0,0,0,22,151,6.86,1,137,87,1479,17,12,0,0,14,0,0,247,334,340,290.5,131,1,6
23,15,15,0,0,0,0,0,304,1434,4.72,6,95,77,567,7.36,3,6,1,9,0,0,252,329.1,336.1,290.6,117,5,7
29,16,16,0,0,0,0,0,0,0,0,0,150,103,1336,12.97,10,2,1,10,0,0,192,294.6,298.6,243.1,109,1,8
30,15,15,0,1,0,0,0,0,0,0,0,168,104,1297,12.47,15,0,0,15,0,0,220,323.7,326.7,271.7,103,2,9
26,15,15,0,0,0,0,0,0,0,0,0,169,111,1386,12.49,13,0,0,13,1,0,219,329.6,332.6,274.1,102,3,10
26,16,16,0,1,0,0,0,1,-7,-7,0,163,115,1572,13.67,11,2,2,11,0,0,219,333.5,338.5,276,102,4,11
29,16,16,0,0,0,0,0,2,12,6,0,170,113,1677,14.84,8,2,2,8,0,0,213,325.9,330.9,269.4,97,5,12
25,12,12,0,0,0,0,0,175,885,5.06,10,66,50,490,9.8,4,1,0,14,2,0,226,275.5,281.5,250.5,90,6,13
23,13,12,0,0,0,0,0,215,973,4.53,12,71,55,497,9.04,1,4,2,13,2,0,225,280,288,252.5,90,7,14
25,16,16,0,0,0,0,0,0,0,0,0,138,86,1524,17.72,8,2,1,9,0,0,204,290.4,294.4,247.4,88,6,15
25,16,16,0,0,0,0,0,1,10,10,0,136,88,1377,15.65,5,0,0,5,1,0,171,258.7,261.7,214.7,88,2,16
28,16,16,0,0,0,0,0,0,0,0,0,156,116,1163,10.03,8,1,0,8,0,0,164,280.3,283.3,222.3,81,3,17
28,16,16,0,0,0,0,0,5,30,6,0,153,113,1373,12.15,9,1,1,9,1,0,194,307.3,311.3,250.8,78,7,18
25,16,16,0,0,0,0,0,0,0,0,0,147,125,1405,11.24,9,2,2,9,0,0,191,315.5,320.5,253,74,8,19
25,16,8,0,1,0,0,0,3,-8,-2.67,1,110,66,750,11.36,13,1,1,14,0,0,156,222.2,226.2,189.2,73,4,20
33,16,16,422,608,4924,35,7,33,125,3.79,3,1,1,5,5,1,10,5,4,0,2,354,355,373,361.5,71,2,21
22,16,13,0,0,0,0,0,1,13,13,0,166,111,1426,12.85,7,1,1,7,1,0,186,296.9,300.9,241.4,70,9,22
23,11,11,0,0,0,0,0,181,824,4.55,7,35,26,378,14.54,7,0,0,14,0,0,204,230.2,236.2,217.2,69,8,23
22,14,13,0,0,0,0,0,237,1168,4.93,8,55,43,296,6.88,1,0,0,9,0,0,200,243.4,249.4,221.9,65,9,24
26,16,16,0,0,0,0,0,19,157,8.26,1,130,86,1219,14.17,6,0,0,7,0,0,180,265.6,271.6,222.6,63,10,25
27,16,16,0,0,0,0,0,258,940,3.64,7,76,50,446,8.92,3,3,2,10,1,0,197,246.6,254.6,221.6,61,10,26
36,16,16,452,675,5129,34,16,31,98,3.16,3,1,1,-1,-1,0,7,2,3,0,4,341,341.9,362.9,357.4,58,3,27
26,16,3,0,0,0,0,0,94,425,4.52,5,123,87,751,8.63,7,0,0,12,0,0,190,276.6,282.6,233.1,54,11,28
24,15,8,0,0,0,0,0,192,1037,5.4,9,47,35,241,6.89,1,0,0,10,0,0,188,222.8,228.8,205.3,52,12,29
24,16,12,2,3,14,0,0,215,1059,4.93,12,18,15,99,6.6,0,1,1,12,0,0,186,201.4,205.4,193.9,51,13,30
23,16,16,345,505,4165,26,9,99,551,5.57,5,0,0,0,0,0,9,3,5,0,0,332,331.7,349.7,340.7,49,4,31
26,16,14,0,0,0,0,0,13,69,5.31,0,70,57,965,16.93,10,2,0,10,1,0,165,222.4,225.4,193.9,49,11,32
25,15,14,0,0,0,0,0,10,62,6.2,0,149,102,1021,10.01,9,0,0,9,1,0,164,266.3,269.3,215.3,48,12,33
25,16,16,0,0,0,0,0,10,68,6.8,1,117,80,1204,15.05,5,1,0,6,0,0,163,243.2,246.2,203.2,47,13,34
26,16,14,0,0,0,0,0,9,75,8.33,0,136,97,1196,12.33,6,3,1,6,1,0,163,260.1,264.1,211.6,47,14,35
29,14,14,0,0,0,0,0,0,0,0,0,120,76,1270,16.71,6,0,0,6,0,0,163,239,242,201,47,15,36
24,14,14,0,0,0,0,0,247,1151,4.66,9,24,20,163,8.15,0,3,2,9,0,0,181,201.4,209.4,191.4,46,14,37
29,16,16,430,639,4593,39,15,46,148,3.22,0,2,1,4,4,0,6,1,0,0,2,327,327.9,349.9,342.4,44,5,38
31,16,14,0,0,0,0,0,0,0,0,0,101,68,896,13.18,6,0,0,6,0,0,126,193.6,196.6,159.6,43,5,39
23,16,9,0,0,0,0,0,192,996,5.19,8,29,20,149,7.45,2,0,0,10,0,0,175,194.5,200.5,184.5,39,15,40
26,12,12,2,2,106,2,0,5,19,3.8,0,124,77,1052,13.66,6,2,1,6,0,0,153,230.3,234.3,191.8,37,16,41
24,16,16,364,561,4688,32,12,43,108,2.51,2,0,0,0,0,0,12,5,2,0,3,316,310.3,333.3,322.3,34,6,42
33,16,16,0,0,0,0,0,251,1042,4.15,7,26,20,208,10.4,1,3,2,8,0,0,169,189,197,179,34,16,43
35,16,16,372,597,4442,25,2,43,269,6.26,2,0,0,0,0,0,6,3,2,1,2,313,312.6,323.6,314.6,30,7,44
24,14,14,0,1,0,0,0,2,3,1.5,0,108,76,1028,13.53,7,0,0,7,0,0,145,221.1,224.1,183.1,29,17,45
23,16,7,1,1,1,1,0,99,444,4.48,3,91,71,725,10.21,5,7,3,8,0,0,163,233.9,242.9,198.4,27,17,46
24,16,5,0,0,0,0,0,6,27,4.5,0,92,64,821,12.83,10,2,1,10,0,0,143,206.8,210.8,174.8,26,18,47
25,16,14,0,0,0,0,0,167,800,4.79,4,44,32,276,8.63,5,2,0,9,0,0,162,193.6,199.6,177.6,26,18,48
22,12,10,0,0,0,0,0,195,908,4.66,9,26,17,103,6.06,1,2,2,10,2,0,161,178.1,186.1,169.6,26,19,49
24,16,15,0,0,0,0,0,250,935,3.74,9,26,20,145,7.25,0,2,1,9,0,0,160,180,187,170,25,20,50
24,15,15,0,0,0,0,0,2,20,10,0,107,75,1005,13.4,7,2,2,7,0,0,141,215.5,220.5,178,24,19,51
39,15,15,364,489,3992,32,5,31,22,0.71,4,1,1,1,1,0,5,1,4,0,1,304,305,314,309.5,21,8,52
24,16,5,0,0,0,0,0,7,28,4,1,66,43,664,15.44,10,0,0,11,1,0,137,180.2,183.2,158.7,21,20,53
25,15,13,0,0,0,0,0,1,8,8,0,119,70,1063,15.19,5,1,0,5,0,0,137,207.1,210.1,172.1,21,21,54
26,16,14,1,2,63,0,0,3,60,20,1,149,81,976,12.05,4,1,1,5,0,1,136,217.1,221.1,176.6,20,22,55
24,16,7,0,0,0,0,0,120,535,4.46,4,73,53,477,9,5,2,1,9,0,0,153,206.2,213.2,179.7,18,21,56
32,12,12,2,2,43,0,0,9,107,11.89,0,108,74,850,11.49,6,1,0,6,0,0,133,207.4,213.4,170.4,17,23,57
30,16,16,280,427,3448,35,7,67,376,5.61,0,1,1,-11,-11,0,10,2,0,0,1,298,299.4,314.4,305.9,16,9,58
27,14,14,0,0,0,0,0,210,973,4.63,5,35,25,163,6.52,1,1,1,6,0,0,148,172.6,179.6,160.1,12,22,59
0,0,0,0,0,0,0,0,0,0,0,0,0,0,0,0,0,0,0,0,0,0,0,0,0,0,0,0,0
31,12,12,1,1,28,1,0,4,53,13.25,1,98,71,868,12.23,4,1,0,5,0,0,127,198.2,201.2,162.7,11,24,60
27,16,16,0,0,0,0,0,1,2,2,0,76,54,569,10.54,6,1,1,6,1,0,93,147.1,151.1,120.1,10,6,61
24,12,8,0,0,0,0,0,133,728,5.47,8,35,26,206,7.92,1,1,1,9,0,0,145,171.4,178.4,158.4,10,23,62
22,16,5,0,0,0,0,0,0,0,0,0,95,59,842,14.27,7,4,1,7,1,0,126,185.2,189.2,155.7,10,25,63
24,16,7,0,0,0,0,0,0,0,0,0,88,71,660,9.3,4,0,0,4,1,0,92,163,166,127.5,9,7,64
22,16,14,0,0,0,0,0,0,0,0,0,88,56,639,11.41,4,0,0,4,0,0,88,143.9,146.9,115.9,5,8,65
29,16,16,0,0,0,0,0,0,0,0,0,82,64,634,9.91,4,0,0,4,0,0,87,151.4,154.4,119.4,4,9,66
28,13,13,0,0,0,0,0,0,0,0,0,92,65,843,12.97,6,1,0,6,0,0,120,185.3,188.3,152.8,4,26,67
24,10,8,0,0,0,0,0,0,0,0,0,48,34,565,16.62,5,0,0,5,0,0,87,120.5,123.5,103.5,4,10,68
25,16,16,356,526,3885,22,8,75,305,4.07,6,1,0,0,0,0,12,6,6,1,1,286,285.9,305.9,293.9,3,10,69
37,16,16,347,508,4308,32,12,18,7,0.39,0,0,0,0,0,0,2,1,0,0,5,285,285,301,297,2,11,70
23,16,16,0,0,0,0,0,6,55,9.17,0,112,65,891,13.71,4,1,0,4,0,0,119,183.6,186.6,151.1,2,27,71
29,13,11,0,0,0,0,0,0,0,0,0,72,47,682,14.51,3,1,1,3,0,0,84,131.2,135.2,107.7,1,11,72
35,16,16,1,1,32,1,0,0,0,0,0,112,69,734,10.64,6,0,0,6,1,0,117,185.7,188.7,151.2,0,28,73
25,16,16,0,0,0,0,0,3,33,11,0,107,66,872,13.21,4,1,0,4,1,0,117,182.5,185.5,149.5,0,29,74
29,14,14,320,471,3395,24,13,101,488,4.83,4,0,0,0,0,0,6,0,4,0,2,283,282.6,301.6,295.6,0,12,75
28,15,14,0,0,0,0,0,0,0,0,0,72,50,610,12.2,4,2,1,4,0,0,83,133,137,108,0,12,76
23,14,13,0,0,0,0,0,153,814,5.32,3,31,27,261,9.67,2,1,1,5,0,0,136,162.5,169.5,149,0,24,77
29,16,16,1,2,5,1,0,7,44,6.29,0,94,66,838,12.7,4,2,1,4,1,0,116,182.4,186.4,149.4,0,30,78
30,16,16,425,606,4298,30,10,44,123,2.8,1,1,1,-1,-1,0,9,7,1,0,3,282,283.1,306.1,292.6,0,13,0
41,16,16,375,570,4355,29,11,23,35,1.52,2,1,1,6,6,0,4,2,2,0,0,280,281.3,297.3,291.8,0,14,0
24,14,14,289,434,3223,24,12,68,421,6.19,3,0,0,0,0,0,6,3,3,0,4,263,263,284,275,0,15,0
37,16,16,380,576,4299,21,11,15,20,1.33,1,0,0,0,0,0,7,4,1,0,3,240,240,258,251,0,17,0
23,14,13,310,486,3725,27,14,39,131,3.36,0,1,0,0,0,0,7,3,0,1,1,240,240.1,263.1,254.1,0,16,0
27,16,16,381,553,4049,19,10,24,47,1.96,1,1,1,-9,-9,0,12,7,1,0,1,216,216.8,236.8,226.3,0,18,0
30,16,16,365,586,3890,18,15,26,93,3.58,2,0,0,0,0,0,11,2,2,0,0,215,214.9,234.9,229.9,0,19,0
30,16,16,367,555,3777,21,11,25,71,2.84,0,0,0,0,0,0,6,4,0,0,0,212,212.2,230.2,223.2,0,20,0
22,12,11,169,320,2074,10,12,89,631,7.09,8,1,0,0,0,0,8,2,8,0,1,208,208.1,228.1,220.1,0,21,0
24,11,9,244,378,2992,19,14,49,281,5.73,1,0,0,0,0,0,7,3,1,0,0,196,195.8,218.8,209.8,0,22,0
26,11,11,279,401,3074,21,7,34,93,2.74,0,1,1,4,4,0,9,6,0,0,1,193,193.7,209.7,200.2,0,23,0
31,11,11,226,365,2566,21,11,16,99,6.19,0,0,0,0,0,0,1,0,0,0,0,175,174.5,188.5,185.5,0,25,0
25,14,13,228,331,2528,11,8,64,357,5.58,2,1,1,21,21,0,9,2,2,0,0,175,175.9,191.9,183.4,0,24,0
26,13,12,243,403,2718,13,11,58,365,6.29,1,0,0,0,0,0,8,4,1,0,0,173,173.2,194.2,184.2,0,26,0
21,13,13,239,414,2865,17,15,44,138,3.14,1,0,0,0,0,0,5,2,1,0,0,168,168.4,191.4,183.4,0,27,0
36,8,7,164,246,2366,17,12,36,152,4.22,2,0,0,0,0,0,4,1,2,0,1,166,165.8,184.8,177.8,0,28,0
21,16,7,99,170,1201,6,3,147,695,4.73,5,2,0,0,0,0,12,4,5,0,0,158,157.5,170.5,160.5,0,29,0
30,11,11,176,274,1979,17,9,32,145,4.53,0,1,1,3,3,1,5,4,1,0,0,142,143,162,151.5,0,30,0
34,10,10,205,328,2180,10,5,41,168,4.1,1,0,0,0,0,0,6,1,1,0,0,138,138,150,143,0,31,0
33,9,9,232,379,2465,12,6,19,45,2.37,0,0,0,0,0,0,3,1,0,0,0,137,137.1,147.1,143.1,0,32,0
23,13,8,0,0,0,0,0,209,931,4.45,6,11,7,50,7.14,0,1,1,6,0,0,132,139.1,143.1,135.6,0,25,0
24,16,16,0,0,0,0,0,234,871,3.72,5,29,20,92,4.6,1,1,1,6,0,0,130,150.3,154.3,140.3,0,26,0
23,14,3,0,0,0,0,0,106,554,5.23,3,53,39,404,10.36,3,1,1,6,0,0,130,168.8,175.8,149.3,0,27,0
23,8,8,176,274,2277,13,10,18,-16,-0.89,0,0,0,0,0,0,2,0,0,0,1,123,123.5,136.5,133.5,0,33,0
29,12,6,0,0,0,0,0,138,645,4.67,6,27,21,170,8.1,1,3,1,7,0,0,122,142.5,149.5,132,0,28,0
25,13,6,0,0,0,0,0,143,685,4.79,6,28,21,152,7.24,0,0,0,6,0,0,120,140.7,146.7,130.2,0,29,0
25,14,5,0,0,0,0,0,104,414,3.98,1,78,55,487,8.85,4,1,1,5,0,0,118,173.1,180.1,145.6,0,30,0
25,16,9,0,1,0,0,0,9,98,10.89,0,101,66,717,10.86,5,3,2,6,0,0,114,179.5,184.5,146.5,0,31,0
25,16,10,0,0,0,0,0,2,11,5.5,0,105,76,816,10.74,5,2,0,5,0,0,113,188.7,191.7,150.7,0,32,0
21,14,13,217,393,2278,11,14,23,138,6,0,0,0,0,0,0,10,5,0,0,1,113,112.9,137.9,126.9,0,34,0
23,11,10,0,0,0,0,0,133,615,4.62,2,49,40,305,7.63,2,2,2,4,0,0,112,152,160,132,0,31,0
32,12,10,0,0,0,0,0,6,29,4.83,1,74,41,774,18.88,4,0,0,5,0,0,110,151.3,154.3,130.8,0,33,0
28,16,6,0,0,0,0,0,140,578,4.13,6,26,22,141,6.41,0,0,0,6,1,0,110,131.9,137.9,120.9,0,32,0
23,16,15,0,1,0,0,0,1,0,0,0,102,56,652,11.64,7,1,0,7,1,0,109,165.2,168.2,137.2,0,34,0
30,15,7,0,0,0,0,0,4,34,8.5,0,113,74,795,10.74,4,3,0,4,1,0,109,182.9,185.9,145.9,0,35,0
21,10,7,0,0,0,0,0,118,641,5.43,3,39,32,213,6.66,1,1,1,4,0,0,107,139.4,146.4,123.4,0,33,0
25,14,9,0,0,0,0,0,2,-8,-4,0,94,50,752,15.04,6,2,2,6,0,0,106,156.4,161.4,131.4,0,36,0
25,15,2,0,0,0,0,0,112,514,4.59,4,42,34,214,6.29,1,0,0,5,0,0,103,136.8,142.8,119.8,0,34,0
30,9,9,0,0,0,0,0,0,0,0,0,77,46,694,15.09,6,2,1,6,0,0,103,149.4,153.4,126.4,0,37,0
28,16,15,0,0,0,0,0,3,4,1.33,0,97,42,715,17.02,5,0,0,5,0,0,102,143.9,146.9,122.9,0,39,0
28,16,7,0,0,0,0,0,155,517,3.34,1,67,59,400,6.78,1,1,1,2,0,0,102,160.7,167.7,131.2,0,36,0
29,16,9,0,0,0,0,0,172,723,4.2,4,24,18,116,6.44,0,3,3,4,0,0,102,119.9,128.9,110.9,0,35,0
21,16,10,0,0,0,0,0,13,172,13.23,0,82,55,788,14.33,2,4,3,2,0,0,102,157,166,129.5,0,38,0
25,16,16,1,1,15,0,0,3,32,10.67,0,97,64,736,11.5,4,1,0,4,0,0,101,165.4,168.4,133.4,0,40,0
23,8,8,0,0,0,0,0,133,439,3.3,5,26,22,185,8.41,1,0,0,6,0,0,98,120.4,126.4,109.4,0,37,0
27,12,12,0,0,0,0,0,0,0,0,0,71,41,737,17.98,4,0,0,4,0,0,98,138.7,141.7,118.2,0,44,0
22,16,4,0,0,0,0,0,85,314,3.69,2,81,63,425,6.75,2,1,0,4,0,0,98,160.9,166.9,129.4,0,38,0
25,13,12,0,0,0,0,0,1,9,9,0,94,55,754,13.71,4,1,1,4,0,0,98,153.3,157.3,125.8,0,41,0
22,13,8,0,0,0,0,0,8,84,10.5,2,65,39,494,12.67,5,1,1,7,0,0,98,136.8,140.8,117.3,0,42,0
31,15,15,0,0,0,0,0,0,0,0,0,89,59,677,11.47,5,0,0,5,0,0,98,156.7,159.7,127.2,0,43,0
26,15,15,1,1,3,1,0,0,0,0,0,64,37,553,14.95,6,1,0,6,1,0,97,134.4,137.4,115.9,0,45,0
26,16,10,0,0,0,0,0,2,15,7.5,0,65,41,653,15.93,5,2,0,5,0,0,97,137.8,140.8,117.3,0,46,0
25,8,8,0,0,0,0,0,4,25,6.25,0,55,40,566,14.15,6,0,0,6,0,0,95,135.1,138.1,115.1,0,47,0
24,10,10,0,0,0,0,0,114,411,3.61,7,21,15,105,7,1,3,3,8,0,0,94,108.6,117.6,101.1,0,39,0
33,15,14,0,0,0,0,0,1,-2,-2,0,88,63,739,11.73,3,1,0,3,1,0,94,156.7,159.7,125.2,0,49,0
23,16,9,0,0,0,0,0,1,-1,-1,0,84,42,704,16.76,4,0,0,4,0,0,94,136.3,139.3,115.3,0,48,0
30,14,13,0,0,0,0,0,161,514,3.19,3,46,34,238,7,0,0,0,3,0,0,93,127.2,133.2,110.2,0,40,0
30,13,13,0,0,0,0,0,0,0,0,0,73,50,618,12.36,5,0,0,5,0,0,92,141.8,144.8,116.8,0,50,0
35,14,14,0,0,0,0,0,156,722,4.63,0,16,12,124,10.33,1,1,0,1,0,0,91,102.6,108.6,96.6,0,41,0
21,16,11,0,0,0,0,0,2,7,3.5,0,79,43,586,13.63,5,1,1,5,1,0,89,132.3,136.3,110.8,0,51,0
25,16,1,0,0,0,0,0,55,259,4.71,1,81,68,607,8.93,0,3,2,1,0,0,89,156.6,164.6,122.6,0,43,0
24,16,6,0,0,0,0,0,87,364,4.18,3,35,28,230,8.21,2,2,1,5,1,0,89,117.4,124.4,103.4,0,42,0
23,11,6,0,0,0,0,0,137,718,5.24,2,2,2,20,10,0,0,0,2,1,0,88,89.8,92.8,88.8,0,45,0
28,14,7,0,0,0,0,0,172,571,3.32,5,16,10,33,3.3,0,2,1,5,0,0,88,98.4,102.4,93.4,0,44,0
22,14,8,0,0,0,0,0,130,521,4.01,5,20,14,72,5.14,0,1,1,5,0,0,87,101.3,105.3,94.3,0,47,0
24,15,4,1,1,8,0,0,6,26,4.33,0,54,33,423,12.82,7,1,0,7,0,0,87,120.2,123.2,103.7,0,52,0
23,16,8,0,0,0,0,0,121,464,3.83,3,41,27,210,7.78,0,0,0,3,1,0,87,114.4,120.4,100.9,0,46,0
29,16,4,0,1,0,0,0,0,0,0,0,87,65,672,10.34,3,0,0,3,0,0,85,150.2,153.2,117.7,0,53,0
25,9,5,105,176,1003,6,2,25,130,5.2,2,0,0,0,0,0,4,1,2,0,1,85,85.1,94.1,87.1,0,35,0
27,16,11,0,0,0,0,0,9,61,6.78,0,93,67,688,10.27,2,1,1,2,0,0,85,151.9,155.9,118.4,0,54,0
25,16,2,0,0,0,0,0,40,201,5.03,0,62,47,429,9.13,3,1,0,3,2,0,85,132,138,108.5,0,48,0
25,16,14,0,0,0,0,0,0,0,0,0,89,48,668,13.92,3,1,1,3,0,0,83,130.8,134.8,106.8,0,55,0
24,11,8,0,0,0,0,0,3,36,12,0,64,45,577,12.82,3,0,0,3,1,0,81,126.3,129.3,103.8,0,13,0
28,9,9,0,0,0,0,0,0,0,0,0,62,35,508,14.51,5,0,0,5,0,0,81,115.8,118.8,98.3,0,56,0
22,12,7,0,0,0,0,0,3,35,11.67,0,68,43,590,13.72,3,0,0,3,0,0,81,123.5,126.5,102,0,57,0
31,16,16,0,0,0,0,0,0,0,0,0,100,54,607,11.24,3,0,0,3,0,0,79,132.7,135.7,105.7,0,60,0
24,14,12,0,0,0,0,0,0,0,0,0,79,44,549,12.48,4,0,0,4,0,0,79,122.9,125.9,100.9,0,59,0
24,13,1,0,0,0,0,0,0,0,0,0,53,39,572,14.67,4,2,1,4,0,0,79,118.2,122.2,98.7,0,58,0
32,16,8,0,0,0,0,0,154,418,2.71,5,15,10,67,6.7,0,2,1,5,0,0,77,86.5,90.5,81.5,0,50,0
27,16,2,0,0,0,0,0,150,499,3.33,2,27,20,154,7.7,0,0,0,2,0,0,77,97.3,103.3,87.3,0,49,0
23,12,7,0,0,0,0,0,1,-2,-2,0,45,27,467,17.3,5,2,0,5,0,0,77,103.5,106.5,90,0,61,0
32,16,12,0,0,0,0,0,0,0,0,0,89,55,636,11.56,2,0,0,2,0,0,76,130.6,133.6,103.1,0,14,0
27,15,5,0,0,0,0,0,42,228,5.43,1,28,21,247,11.76,3,1,1,5,0,0,76,96.5,103.5,86,0,62,0
26,16,3,0,0,0,0,0,50,256,5.12,4,24,23,160,6.96,2,1,1,6,0,0,76,98.6,105.6,87.1,0,51,0
22,14,5,0,0,0,0,0,120,511,4.26,3,13,7,58,8.29,0,1,1,3,1,0,75,81.9,85.9,78.4,0,52,0
25,6,5,102,169,1252,8,7,19,69,3.63,1,0,0,0,0,0,5,3,1,0,0,75,75,88,82,0,37,0
29,5,5,141,195,1413,7,4,9,17,1.89,0,1,1,10,10,0,4,2,0,0,0,75,76.2,85.2,79.7,0,36,0
23,16,7,0,0,0,0,0,1,5,5,0,53,26,445,17.12,5,2,0,5,0,0,75,101,104,88,0,64,0
25,10,9,0,0,0,0,0,5,52,10.4,0,55,40,519,12.98,3,1,0,3,0,0,75,115.1,118.1,95.1,0,63,0
24,7,7,0,0,0,0,0,0,0,0,0,45,32,503,15.72,4,0,0,4,0,0,74,106.3,109.3,90.3,0,65,0
22,16,12,0,0,0,0,0,0,0,0,0,56,39,502,12.87,4,2,0,4,0,0,74,113.2,116.2,93.7,0,15,0
23,16,3,0,0,0,0,0,0,0,0,0,50,34,552,16.24,3,0,0,3,0,0,73,107.2,110.2,90.2,0,16,0
23,16,8,0,0,0,0,0,0,0,0,0,66,42,487,11.6,4,1,0,4,0,0,73,114.7,117.7,93.7,0,68,0
22,15,7,0,0,0,0,0,0,0,0,0,44,28,427,15.25,5,0,0,5,0,0,73,100.7,103.7,86.7,0,67,0
24,16,10,0,0,0,0,0,2,29,14.5,0,73,38,581,15.29,2,0,0,2,0,0,73,111,114,92,0,66,0
24,13,3,0,0,0,0,0,0,0,0,0,44,27,541,20.04,3,0,0,3,0,0,72,99.1,102.1,85.6,0,70,0
26,16,10,0,0,0,0,0,1,13,13,0,95,62,651,10.5,1,0,0,1,0,0,72,134.4,137.4,103.4,0,69,0
31,16,7,0,0,0,0,0,0,0,0,0,55,35,532,15.2,3,0,0,3,0,0,71,106.2,109.2,88.7,0,71,0
23,16,8,0,0,0,0,0,2,8,4,0,53,29,402,13.86,5,0,0,5,0,0,71,100,103,85.5,0,72,0
23,14,0,0,0,0,0,0,90,315,3.5,4,32,27,152,5.63,0,1,0,4,0,0,71,97.7,103.7,84.2,0,53,0
26,7,3,1,1,52,1,0,8,16,2,0,35,26,391,15.04,4,0,0,4,0,0,71,96.8,99.8,83.8,0,73,0
33,15,15,1,1,28,1,0,1,-2,-2,0,79,59,575,9.75,1,2,0,1,0,0,68,127.4,130.4,97.9,0,74,0
28,7,5,113,178,1247,6,4,8,21,2.63,0,0,0,0,0,0,1,1,0,0,1,68,68,76,72,0,38,0
24,8,3,0,0,0,0,0,92,276,3,3,31,19,193,10.16,1,2,2,4,0,0,67,85.9,93.9,76.4,0,54,0
28,13,8,0,0,0,0,0,0,0,0,0,84,54,558,10.33,2,1,1,2,0,0,66,119.8,123.8,92.8,0,17,0
26,15,12,0,0,0,0,0,0,0,0,0,78,44,532,12.09,2,0,0,2,0,0,65,109.2,112.2,87.2,0,75,0
22,16,8,0,0,0,0,0,0,0,0,0,68,33,507,15.36,2,0,0,2,1,0,65,97.7,100.7,81.2,0,76,0
30,13,1,0,0,0,0,0,115,385,3.35,1,21,13,205,15.77,0,1,0,1,0,0,65,78,84,71.5,0,55,0
28,11,8,0,0,0,0,0,4,9,2.25,0,43,23,395,17.17,4,1,0,4,0,0,64,87.4,90.4,75.9,0,77,0
32,6,6,0,0,0,0,0,90,376,4.18,3,20,15,84,5.6,0,0,0,3,0,0,64,79,82,71.5,0,56,0
24,16,10,0,0,0,0,0,1,-4,-4,0,72,53,485,9.15,2,1,0,2,2,0,64,117.1,120.1,90.6,0,78,0
23,13,10,0,0,0,0,0,4,9,2.25,0,58,21,210,10,7,0,0,7,0,0,64,84.9,87.9,74.4,0,79,0
22,14,3,0,0,0,0,0,56,256,4.57,0,29,26,199,7.65,3,1,0,3,0,0,64,89.5,95.5,76.5,0,57,0
27,16,2,0,0,0,0,0,0,0,0,0,49,30,289,9.63,6,1,1,6,0,0,63,92.9,96.9,77.9,0,18,0
27,11,3,0,0,0,0,0,67,403,6.01,2,9,5,41,8.2,1,0,0,3,0,0,62,67.4,70.4,64.9,0,58,0
27,15,7,0,0,0,0,0,3,5,1.67,0,64,45,494,10.98,2,0,0,2,0,0,62,106.9,109.9,84.4,0,80,0
25,16,15,0,0,0,0,0,0,0,0,0,64,43,439,10.21,3,0,0,3,0,0,62,104.9,107.9,83.4,0,19,0
27,12,4,0,0,0,0,0,56,211,3.77,3,48,35,218,6.23,0,0,0,3,0,0,61,95.9,101.9,78.4,0,60,0
22,14,0,0,0,0,0,0,85,419,4.93,2,12,9,75,8.33,0,0,0,2,0,0,61,70.4,73.4,65.9,0,59,0
30,12,1,0,0,0,0,0,111,428,3.86,2,13,8,73,9.13,0,2,1,2,0,0,60,68.1,72.1,64.1,0,61,0
27,14,0,0,0,0,0,0,41,110,2.68,3,43,35,196,5.6,2,1,1,5,0,0,59,93.6,100.6,76.1,0,64,0
24,11,0,0,0,0,0,0,68,259,3.81,2,25,22,192,8.73,0,4,0,2,1,0,59,81.1,87.1,70.1,0,62,0
26,16,13,0,0,0,0,0,0,0,0,0,52,32,334,10.44,5,2,2,5,0,0,59,91.4,96.4,75.4,0,81,0
27,13,2,0,0,0,0,0,51,246,4.82,2,23,20,224,11.2,0,0,0,2,0,0,59,79,85,69,0,63,0
23,16,8,0,0,0,0,0,0,0,0,0,44,33,334,10.12,4,0,0,4,0,0,57,90.4,93.4,73.9,0,20,0
27,14,3,0,0,0,0,0,40,171,4.28,0,74,61,384,6.3,0,0,0,0,0,0,56,116.5,122.5,86,0,65,0
29,16,6,0,0,0,0,0,2,39,19.5,0,59,43,447,10.4,1,3,1,1,1,0,55,97.6,101.6,76.1,0,82,0
25,9,7,0,0,0,0,0,4,30,7.5,0,49,29,388,13.38,2,0,0,2,0,0,54,82.8,85.8,68.3,0,83,0
24,16,0,0,0,0,0,0,2,16,8,0,50,33,320,9.7,3,0,0,3,1,0,54,86.6,89.6,70.1,0,22,0
24,16,7,0,0,0,0,0,0,0,0,0,39,30,423,14.1,2,0,0,2,0,0,54,84.3,87.3,69.3,0,21,0
33,9,9,0,0,0,0,0,0,0,0,0,38,27,291,10.78,4,0,0,4,0,0,53,80.1,83.1,66.6,0,23,0
24,16,5,0,0,0,0,0,0,0,0,0,33,22,288,13.09,4,0,0,4,0,0,53,74.8,77.8,63.8,0,84,0
38,16,4,0,0,0,0,0,0,0,0,0,46,35,400,11.43,2,0,0,2,0,0,52,87,90,69.5,0,24,0
25,16,11,0,0,0,0,0,0,0,0,0,70,38,491,12.92,1,2,2,1,0,0,51,89.1,94.1,70.1,0,86,0
34,14,8,0,0,0,0,0,0,0,0,0,36,25,367,14.68,2,0,0,2,1,0,51,75.7,78.7,63.2,0,25,0
26,10,2,0,0,0,0,0,1,5,5,0,34,21,268,12.76,2,0,0,4,0,0,51,72.3,75.3,61.8,0,85,0
23,13,5,0,0,0,0,0,0,0,0,0,56,37,466,12.59,1,1,1,1,0,0,51,87.6,91.6,69.1,0,87,0
28,10,0,0,0,0,0,0,43,178,4.14,0,55,41,268,6.54,1,1,0,1,0,0,51,91.6,97.6,71.1,0,66,0
26,16,0,0,0,0,0,0,34,183,5.38,1,51,38,275,7.24,0,1,1,1,0,0,50,87.8,94.8,68.8,0,68,0
25,16,2,0,0,0,0,0,4,29,7.25,0,42,32,290,9.06,3,0,0,3,0,0,50,81.9,84.9,65.9,0,88,0
32,4,3,52,91,590,3,4,23,120,5.22,1,0,0,0,0,0,2,0,1,0,2,50,49.6,59.6,53.6,0,39,0
27,8,1,0,0,0,0,0,55,265,4.82,3,10,7,56,8,0,0,0,3,0,0,50,57.1,60.1,53.6,0,67,0
26,11,10,0,0,0,0,0,1,0,0,0,68,38,449,11.82,1,2,1,1,0,0,49,86.9,90.9,67.9,0,89,0
24,16,4,0,0,0,0,0,0,0,0,0,36,27,307,11.37,3,0,0,3,0,0,49,75.7,78.7,62.2,0,26,0
30,7,7,0,0,0,0,0,80,343,4.29,0,18,11,110,10,1,2,1,1,0,0,49,60.3,67.3,54.8,0,69,0
28,9,6,0,0,0,0,0,0,0,0,0,61,38,383,10.08,2,2,1,2,0,0,48,86.3,90.3,67.3,0,90,0
24,6,0,0,0,0,0,0,60,333,5.55,2,7,6,51,8.5,0,2,1,2,0,0,48,54.4,58.4,51.4,0,70,0
27,3,3,53,89,718,5,3,8,33,4.13,0,0,0,0,0,0,4,0,0,0,1,48,48,54,51,0,40,0
28,16,2,0,0,0,0,0,0,0,0,0,19,14,166,11.86,5,0,0,5,0,0,47,60.6,63.6,53.6,0,91,0
38,16,1,0,0,0,0,0,0,0,0,0,45,28,333,11.89,2,1,1,2,2,0,47,75.3,79.3,61.3,0,27,0
25,12,0,0,0,0,0,0,21,103,4.9,3,23,16,115,7.19,1,1,0,4,0,0,46,61.8,67.8,53.8,0,74,0
22,13,1,0,0,0,0,0,50,206,4.12,2,19,15,135,9,0,0,0,2,0,0,46,61.1,67.1,53.6,0,72,0
25,13,0,0,0,0,0,0,41,188,4.59,1,40,25,235,9.4,0,2,1,1,0,0,46,71.3,78.3,58.8,0,71,0
25,10,2,0,0,0,0,0,4,2,0.5,0,25,16,340,21.25,2,0,0,2,0,0,46,62.2,65.2,54.2,0,92,0
35,6,2,0,0,0,0,0,29,120,4.14,1,23,15,160,10.67,2,0,0,3,0,0,46,61,67,53.5,0,73,0
22,16,10,0,0,0,0,0,0,0,0,0,27,20,215,10.75,4,0,0,4,0,0,46,65.5,68.5,55.5,0,28,0
28,16,0,0,0,0,0,0,33,106,3.21,1,45,38,304,8,0,1,1,1,0,0,45,83,90,64,0,75,0
24,16,13,0,0,0,0,0,1,16,16,0,47,26,316,12.15,2,0,0,2,0,0,45,71.2,74.2,58.2,0,93,0
22,16,6,0,0,0,0,0,0,0,0,0,49,36,333,9.25,2,0,0,2,0,0,45,81.3,84.3,63.3,0,29,0
25,15,9,0,0,0,0,0,0,0,0,0,43,29,269,9.28,3,1,0,3,0,0,45,73.9,76.9,59.4,0,30,0
27,15,10,0,0,0,0,0,0,0,0,0,67,25,380,15.2,1,0,0,1,0,0,44,69,72,56.5,0,94,0
23,13,12,0,0,0,0,0,0,0,0,0,30,20,258,12.9,3,1,0,3,0,0,44,63.8,66.8,53.8,0,31,0
24,16,3,0,0,0,0,0,60,336,5.6,1,17,16,85,5.31,0,2,2,1,0,0,44,60.1,65.1,52.1,0,76,0
22,16,0,0,0,0,0,0,60,208,3.47,2,23,20,103,5.15,0,1,0,2,0,0,43,63.1,69.1,53.1,0,77,0
28,14,9,0,0,0,0,0,0,0,0,0,76,37,371,10.03,1,0,0,1,0,0,43,80.1,83.1,61.6,0,95,0
24,5,4,0,0,0,0,0,0,0,0,0,30,20,303,15.15,2,1,0,2,0,0,42,62.3,65.3,52.3,0,96,0
27,16,7,0,0,0,0,0,0,0,0,0,35,20,295,14.75,2,1,0,2,0,0,42,61.5,64.5,51.5,0,98,0
26,14,3,0,0,0,0,0,0,0,0,0,28,20,300,15,2,0,0,2,0,0,42,62,65,52,0,97,0
25,16,16,0,0,0,0,0,0,0,0,0,34,24,292,12.17,2,1,0,2,0,0,41,65.2,68.2,53.2,0,32,0
29,4,3,42,85,473,2,2,16,125,7.81,1,0,0,0,0,0,3,0,1,0,0,41,41.4,49.4,43.4,0,41,0
26,11,10,0,0,0,0,0,0,0,0,0,48,31,281,9.06,2,0,0,2,0,0,40,71.1,74.1,55.6,0,34,0
24,16,4,0,0,0,0,0,2,10,5,0,46,27,268,9.93,2,0,0,2,0,0,40,66.8,69.8,53.3,0,99,0
23,15,5,0,0,0,0,0,0,0,0,0,69,34,343,10.09,1,0,0,1,0,0,40,74.3,77.3,57.3,0,33,0
28,14,10,0,0,0,0,0,0,0,0,0,52,35,334,9.54,1,0,0,1,0,0,39,74.4,77.4,56.9,0,100,0
25,5,4,85,131,709,2,2,19,123,6.47,0,0,0,0,0,0,5,3,0,0,0,39,38.7,49.7,40.7,0,42,0
26,7,4,0,0,0,0,0,2,9,4.5,0,35,20,262,13.1,2,0,0,2,0,0,39,59.1,62.1,49.1,0,101,0
25,4,3,0,0,0,0,0,45,184,4.09,3,6,5,20,4,0,1,1,3,1,0,38,43.4,47.4,40.9,0,78,0
27,16,14,0,0,0,0,0,8,30,3.75,0,41,30,324,10.8,1,2,2,1,0,0,37,67.4,72.4,52.4,0,79,0
25,11,7,0,0,0,0,0,0,0,0,0,47,24,309,12.88,1,0,0,1,0,0,37,60.9,63.9,48.9,0,103,0
25,16,4,0,0,0,0,0,3,17,5.67,0,41,23,315,13.7,1,2,1,1,0,0,37,60.2,64.2,48.7,0,102,0
29,8,1,0,0,0,0,0,1,-1,-1,0,30,16,252,15.75,2,0,0,2,0,0,37,53.1,56.1,45.1,0,43,0
28,8,4,0,0,0,0,0,57,186,3.26,0,20,14,131,9.36,1,2,1,1,0,0,36,49.7,56.7,42.7,0,80,0
33,5,3,0,0,0,0,0,3,26,8.67,0,30,17,209,12.29,2,1,1,2,1,0,36,52.5,56.5,44,0,106,0
23,14,5,0,0,0,0,0,0,0,0,0,45,30,243,8.1,2,0,0,2,0,0,36,66.3,69.3,51.3,0,104,0
23,15,7,0,0,0,0,0,0,0,0,0,53,35,302,8.63,1,0,0,1,0,0,36,71.2,74.2,53.7,0,105,0
21,6,2,0,0,0,0,0,3,0,0,0,41,28,287,10.25,1,0,0,1,0,0,35,62.7,65.7,48.7,0,107,0
28,6,6,0,0,0,0,0,0,0,0,0,33,26,245,9.42,2,1,1,2,0,0,35,60.5,64.5,47.5,0,36,0
30,14,12,0,0,0,0,0,0,0,0,0,34,25,272,10.88,1,0,0,1,1,0,35,60.2,63.2,47.7,0,35,0
32,8,8,0,0,0,0,0,0,0,0,0,46,24,286,11.92,1,0,0,1,0,0,35,58.6,61.6,46.6,0,108,0
23,8,1,0,0,0,0,0,10,66,6.6,2,30,18,179,9.94,0,2,1,2,0,0,35,52.5,56.5,43.5,0,109,0
25,12,0,0,0,0,0,0,43,212,4.93,0,7,5,52,10.4,1,0,0,1,1,0,34,39.4,42.4,36.9,0,81,0
24,15,3,0,0,0,0,0,0,0,0,0,35,22,259,11.77,1,2,2,2,0,0,34,55.9,60.9,44.9,0,38,0
27,15,3,0,0,0,0,0,0,0,0,0,25,12,164,13.67,3,0,0,3,0,0,34,46.4,49.4,40.4,0,37,0
31,10,1,0,0,0,0,0,1,9,9,0,13,12,143,11.92,3,0,0,3,0,0,33,45.2,48.2,39.2,0,39,0
29,8,3,61,101,626,4,4,6,0,0,0,0,0,0,0,0,0,0,0,0,0,33,33,40,37,0,44,0
24,8,1,0,0,0,0,0,0,0,0,0,21,13,209,16.08,2,0,0,2,0,0,33,45.9,48.9,39.4,0,113,0
26,9,0,0,0,0,0,0,34,261,7.68,1,7,6,25,4.17,0,1,1,1,0,0,33,38.6,42.6,35.6,0,82,0
29,11,6,0,0,0,0,0,0,0,0,0,31,17,190,11.18,2,0,0,2,1,0,33,50,53,41.5,0,112,0
22,12,7,0,0,0,0,0,1,5,5,0,36,21,328,15.62,0,0,0,0,0,0,33,54.3,57.3,43.8,0,111,0
24,16,1,0,0,0,0,0,6,21,3.5,0,44,36,253,7.03,1,2,0,1,0,0,33,69.4,72.4,51.4,0,110,0
28,7,0,0,0,0,0,0,6,55,9.17,0,13,8,140,17.5,2,0,0,2,0,0,32,39.5,42.5,35.5,0,114,0
24,16,0,0,0,0,0,0,38,113,2.97,1,25,17,144,8.47,0,0,0,1,0,0,32,48.7,54.7,40.2,0,84,0
27,16,10,0,0,0,0,0,0,0,0,0,24,21,263,12.52,1,0,0,1,0,0,32,53.3,56.3,42.8,0,40,0
23,6,2,0,0,0,0,0,66,266,4.03,0,15,12,98,8.17,0,3,2,0,0,0,32,44.4,49.4,38.4,0,83,0
30,16,8,0,0,0,0,0,6,8,1.33,4,17,12,61,5.08,0,0,0,4,0,0,31,42.9,42.9,36.9,0,42,0
24,15,1,0,0,0,0,0,51,176,3.45,1,22,14,89,6.36,0,2,1,1,0,0,31,44.5,48.5,37.5,0,85,0
28,14,11,0,0,0,0,0,0,0,0,0,43,24,305,12.71,0,0,0,0,0,0,31,54.5,57.5,42.5,0,43,0
26,12,7,0,0,0,0,0,2,10,5,0,47,28,304,10.86,0,1,0,0,0,0,31,59.4,62.4,45.4,0,115,0
28,16,4,3,7,64,0,1,37,196,5.3,2,7,3,4,1.33,0,1,1,2,0,0,31,33.6,38.6,33.1,0,118,0
26,15,3,0,0,0,0,0,0,0,0,0,26,19,190,10,2,0,0,2,0,0,31,50,53,40.5,0,116,0
26,15,5,0,0,0,0,0,0,0,0,0,37,24,250,10.42,1,0,0,1,0,0,31,55,58,43,0,41,0
28,12,0,0,0,0,0,0,0,0,0,0,19,10,188,18.8,2,0,0,2,0,0,31,40.8,43.8,35.8,0,117,0
32,5,2,53,76,515,3,2,13,3,0.23,0,1,1,8,8,0,4,0,0,0,0,30,30.7,35.7,32.2,0,45,0
32,16,11,0,0,0,0,0,0,0,0,0,12,11,117,10.64,3,0,0,3,0,0,30,40.7,43.7,35.2,0,45,0
25,9,9,0,0,0,0,0,0,0,0,0,32,26,242,9.31,1,0,0,1,0,0,30,56.2,59.2,43.2,0,44,0
24,14,0,0,0,0,0,0,0,0,0,0,41,26,215,8.27,1,1,0,1,1,0,30,55.5,58.5,42.5,0,119,0
23,12,0,0,0,0,0,0,36,191,5.31,1,11,9,56,6.22,0,1,1,1,0,0,29,37.7,41.7,33.2,0,86,0
29,12,3,0,0,0,0,0,7,41,5.86,0,24,12,186,15.5,1,0,0,1,0,0,29,40.7,43.7,34.7,0,120,0
27,7,3,0,1,0,0,0,1,2,2,0,42,31,224,7.23,1,1,0,1,0,0,29,59.6,62.6,44.1,0,121,0
23,12,0,0,0,0,0,0,0,0,0,0,20,19,225,11.84,1,0,0,1,0,0,29,47.5,50.5,38,0,47,0
30,16,11,0,0,0,0,0,1,0,0,0,21,15,165,11,2,0,0,2,0,0,29,43.5,46.5,36,0,46,0
22,4,4,0,0,0,0,0,0,0,0,0,14,8,156,19.5,2,0,0,2,0,0,28,35.6,38.6,31.6,0,49,0
27,11,1,0,0,0,0,0,52,250,4.81,0,19,11,26,2.36,0,1,0,0,0,0,28,38.6,41.6,33.1,0,87,0
24,8,2,0,0,0,0,0,0,0,0,0,20,9,100,11.11,3,0,0,3,0,0,28,37,40,32.5,0,48,0
22,14,6,0,0,0,0,0,0,0,0,0,38,16,217,13.56,1,0,0,1,0,0,28,43.7,46.7,35.7,0,122,0
22,2,1,20,31,266,2,0,5,19,3.8,1,0,0,0,0,0,0,0,1,0,0,27,26.5,26.5,26.5,0,47,0
27,8,2,0,0,0,0,0,3,23,7.67,0,27,19,266,14,0,1,1,0,0,0,27,45.9,49.9,36.4,0,125,0
30,16,16,0,0,0,0,0,0,0,0,0,27,19,210,11.05,1,0,0,1,0,0,27,46,49,36.5,0,50,0
32,3,2,34,54,372,3,3,10,63,6.3,0,0,0,0,0,0,1,0,0,0,0,27,27.2,33.2,30.2,0,46,0
25,16,0,0,0,0,0,0,5,17,3.4,0,25,19,196,10.32,1,0,0,1,0,0,27,46.3,49.3,36.8,0,123,0
22,13,2,0,0,0,0,0,0,0,0,0,28,19,210,11.05,1,0,0,1,0,0,27,46,49,36.5,0,124,0
26,7,2,0,0,0,0,0,0,0,0,0,10,8,87,10.88,3,0,0,3,0,0,27,34.7,34.7,30.7,0,51,0
28,16,0,0,0,0,0,0,8,91,11.38,2,3,3,13,4.33,1,1,1,3,0,0,26,29.4,30.4,27.9,0,88,0
27,10,5,0,0,0,0,0,0,0,0,0,27,16,199,12.44,1,1,0,1,0,0,26,41.9,44.9,33.9,0,127,0
32,6,5,0,0,0,0,0,0,0,0,0,16,12,135,11.25,2,0,0,2,0,0,26,37.5,40.5,31.5,0,128,0
30,16,1,0,0,0,0,0,2,20,10,0,17,10,79,7.9,1,3,1,3,0,0,26,35.9,36.9,30.9,0,126,0
25,9,1,0,0,0,0,0,0,0,0,0,13,7,133,19,2,0,0,2,0,0,25,32.3,35.3,28.8,0,53,0
27,16,0,0,0,0,0,0,0,0,0,0,22,14,133,9.5,2,1,0,2,0,0,25,39.3,42.3,32.3,0,129,0
28,16,11,0,0,0,0,0,0,0,0,0,24,16,185,11.56,1,0,0,1,0,0,25,40.5,43.5,32.5,0,54,0
26,6,2,0,0,0,0,0,0,0,0,0,16,11,190,17.27,1,0,0,1,0,0,25,36,39,30.5,0,130,0
31,16,4,0,0,0,0,0,0,0,0,0,11,10,73,7.3,3,0,0,3,0,0,25,35.3,35.3,30.3,0,52,0
26,16,1,0,0,0,0,0,44,127,2.89,1,12,9,60,6.67,0,0,0,1,0,0,25,33.7,36.7,29.2,0,89,0
24,14,3,0,0,0,0,0,0,0,0,0,28,13,160,12.31,1,0,0,1,1,0,24,37,40,30.5,0,131,0
28,4,2,0,0,0,0,0,0,0,0,0,19,15,179,11.93,1,0,0,1,0,0,24,38.9,41.9,31.4,0,55,0
24,10,7,0,0,0,0,0,1,9,9,0,46,17,171,10.06,1,0,0,1,0,0,24,41,44,32.5,0,132,0
26,16,6,0,0,0,0,0,0,0,0,0,25,17,225,13.24,0,0,0,0,0,0,23,39.5,42.5,31,0,57,0
23,13,2,0,0,0,0,0,0,0,0,0,14,9,130,14.44,1,2,1,2,0,0,23,32,36,27.5,0,133,0
30,16,3,0,0,0,0,0,0,0,0,0,25,19,170,8.95,1,0,0,1,0,0,23,42,45,32.5,0,56,0
25,14,2,0,0,0,0,0,0,0,0,0,14,9,97,10.78,2,0,0,2,0,0,22,30.7,30.7,26.2,0,134,0
25,12,0,0,0,0,0,0,1,0,0,0,23,13,163,12.54,1,0,0,1,0,0,22,35.3,38.3,28.8,0,58,0
23,10,1,0,0,0,0,0,0,0,0,0,19,12,150,12.5,1,1,0,1,0,0,21,33,36,27,0,136,0
24,7,6,0,0,0,0,0,0,0,0,0,31,15,154,10.27,1,0,0,1,0,0,21,36.4,39.4,28.9,0,135,0
25,16,13,0,0,0,0,0,0,0,0,0,37,23,213,9.26,0,0,0,0,0,0,21,44.3,47.3,32.8,0,60,0
30,15,1,0,0,0,0,0,0,0,0,0,8,5,90,18,2,0,0,2,0,0,21,26,26,23.5,0,62,0
25,16,0,0,0,0,0,0,2,0,0,0,19,10,149,14.9,1,0,0,1,0,0,21,30.9,33.9,25.9,0,137,0
39,4,3,60,110,539,1,4,5,32,6.4,0,0,0,0,0,0,0,0,0,0,0,21,20.8,27.8,24.8,0,48,0
26,14,9,0,0,0,0,0,0,0,0,0,38,24,214,8.92,0,0,0,0,0,0,21,45.4,48.4,33.4,0,59,0
24,13,6,0,0,0,0,0,3,8,2.67,0,17,16,143,8.94,1,0,0,1,0,0,21,37.1,40.1,29.1,0,61,0
29,16,2,0,0,0,0,0,0,0,0,0,25,14,117,8.36,1,0,0,1,1,0,20,33.7,36.7,26.7,0,139,0
25,14,4,0,0,0,0,0,1,7,7,0,25,22,216,9.82,0,5,1,0,0,0,20,42.3,46.3,31.3,0,138,0
34,7,2,0,0,0,0,0,0,0,0,0,23,11,136,12.36,1,0,0,1,0,0,20,30.6,33.6,25.1,0,140,0
29,13,3,0,0,0,0,0,0,0,0,0,24,10,100,10,1,0,0,1,1,0,18,28,31,23,0,141,0
23,16,7,0,0,0,0,0,0,0,0,0,32,22,202,9.18,0,1,1,0,0,0,18,40.2,44.2,29.2,0,63,0
25,16,7,0,0,0,0,0,2,5,2.5,0,10,8,112,14,1,0,0,1,0,0,18,25.7,28.7,21.7,0,90,0
28,16,6,0,0,0,0,0,9,41,4.56,0,10,5,14,2.8,2,0,0,2,0,0,18,22.5,22.5,20,0,91,0
28,1,1,15,25,232,2,0,3,-2,-0.67,0,0,0,0,0,0,0,0,0,0,0,17,17.1,17.1,17.1,0,49,0
24,9,0,0,0,0,0,0,1,14,14,0,4,2,94,47,1,0,0,1,0,0,17,18.8,18.8,17.8,0,144,0
26,16,6,0,0,0,0,0,3,22,7.33,0,29,20,167,8.35,0,1,1,0,0,0,17,36.9,40.9,26.9,0,143,0
26,16,0,1,1,21,0,0,1,2,2,0,15,11,101,9.18,0,0,0,1,0,0,17,28.1,31.1,22.6,0,142,0
23,15,4,0,0,0,0,0,0,0,0,0,24,14,114,8.14,1,0,0,1,0,0,17,31.4,34.4,24.4,0,64,0
29,13,12,0,0,0,0,0,0,0,0,0,36,21,184,8.76,0,1,1,0,0,0,16,37.4,41.4,26.9,0,65,0
24,5,0,0,0,0,0,0,1,-2,-2,0,8,6,102,17,1,0,0,1,0,0,16,22,25,19,0,147,0
26,5,2,0,0,0,0,0,0,0,0,0,11,8,103,12.88,1,0,0,1,0,0,16,24.3,27.3,20.3,0,145,0
26,15,1,0,0,0,0,0,0,0,0,0,11,9,102,11.33,1,0,0,1,0,0,16,25.2,28.2,20.7,0,66,0
30,16,1,0,0,0,0,0,1,2,2,0,9,8,96,12,1,0,0,1,0,0,16,23.8,23.8,19.8,0,92,0
29,13,6,0,0,0,0,0,0,0,0,0,30,17,161,9.47,0,0,0,0,0,0,16,33.1,36.1,24.6,0,146,0
22,11,0,0,0,0,0,0,0,0,0,0,32,14,174,12.43,0,1,1,0,0,0,15,29.4,33.4,22.4,0,149,0
23,10,0,0,0,0,0,0,20,157,7.85,0,2,1,9,9,0,1,1,0,0,0,15,15.6,19.6,15.1,0,95,0
26,6,1,0,0,0,0,0,0,0,0,0,10,9,114,12.67,1,1,1,1,0,0,15,24.4,28.4,19.9,0,148,0
25,9,1,0,0,0,0,0,9,16,1.78,0,10,8,78,9.75,1,0,0,1,0,0,15,23.4,23.4,19.4,0,94,0
26,12,7,0,0,0,0,0,0,0,0,0,10,8,86,10.75,1,0,0,1,0,0,15,22.6,22.6,18.6,0,69,0
31,15,10,0,0,0,0,0,0,0,0,0,9,9,91,10.11,1,0,0,1,0,0,15,24.1,24.1,19.6,0,67,0
26,5,5,0,0,0,0,0,0,0,0,0,19,11,90,8.18,1,0,0,1,0,0,15,26,26,20.5,0,68,0
26,16,4,0,0,0,0,0,0,0,0,0,14,9,86,9.56,1,0,0,1,0,0,15,23.6,23.6,19.1,0,70,0
22,7,1,0,0,0,0,0,0,0,0,0,10,5,91,18.2,1,0,0,1,0,0,15,20.1,20.1,17.6,0,150,0
24,13,0,0,0,0,0,0,27,154,5.7,0,0,0,0,0,0,0,0,0,0,0,15,15.4,18.4,15.4,0,93,0
24,16,2,0,0,0,0,0,9,15,1.67,2,1,1,5,5,0,0,0,2,0,0,14,15,15,14.5,0,97,0
28,9,0,0,0,0,0,0,19,69,3.63,1,4,3,15,5,0,0,0,1,0,0,14,17.4,17.4,15.9,0,96,0
21,5,1,0,0,0,0,0,0,0,0,0,15,10,143,14.3,0,0,0,0,0,0,14,24.3,27.3,19.3,0,152,0
25,6,1,35,57,320,1,3,5,31,6.2,0,0,0,0,0,0,1,0,0,0,0,14,13.9,19.9,16.9,0,50,0
24,8,3,0,0,0,0,0,0,0,0,0,24,11,80,7.27,1,0,0,1,0,0,14,25,25,19.5,0,153,0
21,9,0,0,0,0,0,0,23,44,1.91,1,9,7,33,4.71,0,0,0,1,0,0,14,20.7,20.7,17.2,0,98,0
23,3,2,0,0,0,0,0,1,0,0,0,10,9,75,8.33,1,0,0,1,0,0,14,22.5,22.5,18,0,154,0
23,13,3,0,0,0,0,0,0,0,0,0,20,13,144,11.08,0,0,0,0,0,0,14,27.4,30.4,20.9,0,151,0
24,16,1,0,0,0,0,0,0,0,0,0,6,4,77,19.25,1,0,0,1,0,0,14,17.7,17.7,15.7,0,71,0
31,3,3,50,80,400,2,4,2,7,3.5,0,0,0,0,0,0,3,2,0,0,0,13,12.7,21.7,16.7,0,52,0
28,16,2,0,0,0,0,0,0,0,0,0,12,7,67,9.57,1,0,0,1,0,0,13,19.7,19.7,16.2,0,73,0
25,13,4,0,0,0,0,0,0,0,0,0,7,5,74,14.8,1,0,0,1,0,0,13,18.4,18.4,15.9,0,72,0
24,4,2,44,81,296,1,7,10,50,5,1,0,0,0,0,0,0,0,1,0,0,13,12.8,19.8,19.8,0,51,0
23,6,1,0,0,0,0,0,1,4,4,0,17,11,129,11.73,0,0,0,0,0,0,13,24.3,27.3,18.8,0,155,0
24,6,4,0,0,0,0,0,0,0,0,0,6,5,48,9.6,1,0,0,1,1,0,13,17.8,17.8,15.3,0,100,0
23,6,0,0,0,0,0,0,13,44,3.38,0,3,3,27,9,1,0,0,1,0,0,13,16.1,16.1,14.6,0,99,0
28,8,1,0,0,0,0,0,0,0,0,0,10,6,60,10,1,0,0,1,0,0,12,18,18,15,0,156,0
29,10,0,0,0,0,0,0,29,80,2.76,1,4,3,18,6,0,2,2,1,0,0,12,14.8,16.8,13.3,0,101,0
22,11,7,0,0,0,0,0,0,0,0,0,17,12,116,9.67,0,0,0,0,0,0,12,23.6,26.6,17.6,0,74,0
27,4,0,0,0,0,0,0,0,0,0,0,5,3,48,16,1,0,0,1,0,0,11,13.8,13.8,12.3,0,76,0
29,2,0,15,21,174,1,0,0,0,0,0,0,0,0,0,0,0,0,0,0,0,11,11,11,11,0,53,0
27,5,1,0,0,0,0,0,13,40,3.08,0,12,9,67,7.44,0,0,0,0,0,0,11,19.7,19.7,15.2,0,102,0
31,15,1,0,0,0,0,0,2,12,6,0,6,6,40,6.67,0,2,0,1,0,0,11,17.2,17.2,14.2,0,157,0
26,7,3,0,0,0,0,0,2,10,5,0,3,3,60,20,1,1,1,1,0,0,11,14,15,12.5,0,158,0
26,16,4,0,0,0,0,0,0,0,0,0,5,2,52,26,1,0,0,1,0,0,11,13.2,13.2,12.2,0,75,0
24,2,1,0,0,0,0,0,21,79,3.76,0,5,3,21,7,0,0,0,0,0,0,10,13,13,11.5,0,105,0
22,4,0,0,0,0,0,0,27,74,2.74,0,3,2,27,13.5,0,0,0,0,0,0,10,12.1,12.1,11.1,0,104,0
29,6,1,0,0,0,0,0,1,-3,-3,0,13,10,98,9.8,0,0,0,0,0,0,10,19.5,19.5,14.5,0,159,0
26,3,3,0,0,0,0,0,1,-4,-4,0,14,12,79,6.58,0,1,0,0,1,0,10,21.5,21.5,15.5,0,161,0
24,16,9,0,0,0,0,0,0,0,0,0,9,5,41,8.2,1,0,0,1,0,0,10,15.1,15.1,12.6,0,77,0
25,5,0,0,0,0,0,0,1,6,6,0,5,3,29,9.67,1,1,0,1,0,0,10,12.5,12.5,11,0,160,0
26,4,0,0,0,0,0,0,1,21,21,0,6,6,75,12.5,0,0,0,0,0,0,10,15.6,15.6,12.6,0,78,0
25,10,0,0,0,0,0,0,30,115,3.83,0,1,1,9,9,0,1,1,0,0,0,10,11.4,15.4,10.9,0,103,0
27,3,0,0,0,0,0,0,2,-1,-0.5,0,3,2,37,18.5,1,0,0,1,0,0,10,11.6,11.6,10.6,0,106,0
23,3,3,0,0,0,0,0,0,0,0,0,13,8,85,10.63,0,0,0,0,0,0,9,16.5,16.5,12.5,0,80,0
22,1,0,0,0,0,0,0,7,-1,-0.14,0,2,2,28,14,1,1,0,1,0,0,9,10.7,10.7,9.7,0,109,0
26,2,2,0,0,0,0,0,14,68,4.86,0,7,5,23,4.6,0,0,0,0,0,0,9,14.1,14.1,11.6,0,108,0
25,15,2,0,0,0,0,0,6,8,1.33,0,15,11,85,7.73,0,0,0,0,0,0,9,20.3,20.3,14.8,0,107,0
23,11,0,0,1,0,0,1,0,0,0,0,10,9,105,11.67,0,0,0,0,0,0,9,17.5,21.5,14,0,110,0
26,9,0,0,0,0,0,0,0,0,0,0,8,4,92,23,0,0,0,0,0,0,9,13.2,13.2,11.2,0,162,0
28,14,8,0,0,0,0,0,0,0,0,0,19,13,87,6.69,0,0,0,0,0,0,9,21.7,21.7,15.2,0,79,0
23,11,2,0,0,0,0,0,1,1,1,0,11,8,82,10.25,0,1,0,0,0,0,8,16.3,16.3,12.3,0,163,0
24,8,1,0,0,0,0,0,1,5,5,0,8,5,71,14.2,0,0,0,0,0,0,8,12.6,12.6,10.1,0,164,0
23,16,3,0,0,0,0,0,0,0,0,0,7,5,77,15.4,0,0,0,0,0,0,8,12.7,12.7,10.2,0,82,0
28,11,2,0,0,0,0,0,0,0,0,0,8,3,17,5.67,1,0,0,1,0,0,8,10.7,10.7,9.2,0,81,0
25,14,3,0,0,0,0,0,7,25,3.57,0,9,8,50,6.25,0,0,0,0,0,0,8,15.5,15.5,11.5,0,111,0
27,12,3,1,1,15,0,0,0,0,0,0,17,12,77,6.42,0,0,0,0,0,0,8,20.3,20.3,14.3,0,54,0
21,14,0,0,0,0,0,0,14,34,2.43,0,8,5,41,8.2,0,0,0,0,0,0,8,12.5,12.5,10,0,112,0
35,2,2,42,70,465,0,4,1,-1,-1,0,0,0,0,0,0,3,2,0,0,0,7,6.5,15.5,10.5,0,56,0
29,9,0,0,0,0,0,0,19,71,3.74,0,1,1,3,3,0,1,0,0,0,0,7,8.4,8.4,7.9,0,113,0
27,10,4,0,0,0,0,0,0,0,0,0,11,8,67,8.38,0,0,0,0,0,0,7,14.7,14.7,10.7,0,85,0
26,5,1,14,23,118,1,1,11,5,0.45,0,0,0,0,0,0,0,0,0,0,0,7,7.2,8.2,8.2,0,55,0
29,16,5,0,0,0,0,0,1,9,9,0,4,3,62,20.67,0,0,0,0,0,0,7,10.1,10.1,8.6,0,114,0
30,13,11,0,0,0,0,0,0,0,0,0,12,9,94,10.44,0,1,1,0,0,0,7,16.4,17.4,11.9,0,83,0
26,16,2,0,0,0,0,0,0,0,0,0,8,6,86,14.33,0,1,1,0,0,0,7,12.6,13.6,9.6,0,87,0
24,9,0,0,0,0,0,0,11,49,4.45,0,2,2,19,9.5,0,0,0,0,0,0,7,8.8,8.8,7.8,0,115,0
25,9,1,0,0,0,0,0,0,0,0,0,11,5,67,13.4,0,0,0,0,0,0,7,11.7,11.7,9.2,0,86,0
26,15,12,0,0,0,0,0,0,0,0,0,14,8,72,9,0,0,0,0,0,0,7,15.2,15.2,11.2,0,84,0
22,15,0,0,0,0,0,0,0,0,0,0,10,6,63,10.5,0,0,0,0,0,0,6,12.3,12.3,9.3,0,166,0
24,4,2,0,0,0,0,0,0,0,0,0,8,6,61,10.17,0,0,0,0,0,0,6,12.1,12.1,9.1,0,88,0
27,12,2,0,0,0,0,0,0,0,0,0,2,1,1,1,1,0,0,1,0,0,6,7.1,7.1,6.6,0,116,0
26,14,2,0,0,0,0,0,4,0,0,0,19,7,64,9.14,0,0,0,0,0,0,6,13.4,13.4,9.9,0,165,0
24,5,0,0,0,0,0,0,0,0,0,0,5,3,61,20.33,0,1,0,0,0,0,6,9.1,9.1,7.6,0,167,0
29,5,1,0,0,0,0,0,0,0,0,0,7,6,53,8.83,0,0,0,0,0,0,5,11.3,11.3,8.3,0,169,0
25,16,10,0,0,0,0,0,0,0,0,0,8,7,48,6.86,0,0,0,0,0,0,5,11.8,11.8,8.3,0,93,0
23,8,0,0,0,0,0,0,11,47,4.27,0,3,2,1,0.5,0,0,0,0,0,0,5,6.8,6.8,5.8,0,118,0
22,8,2,0,0,0,0,0,0,0,0,0,8,5,54,10.8,0,0,0,0,0,0,5,10.4,10.4,7.9,0,168,0
24,15,4,0,0,0,0,0,0,0,0,0,7,3,45,15,0,0,0,0,0,0,5,7.5,7.5,6,0,94,0
24,15,0,0,0,0,0,0,0,0,0,0,3,1,48,48,0,0,0,0,0,0,5,5.8,5.8,5.3,0,171,0
25,8,1,0,0,0,0,0,0,0,0,0,5,4,52,13,0,0,0,0,0,0,5,9.2,9.2,7.2,0,90,0
22,3,0,20,42,187,0,2,5,39,7.8,0,0,0,0,0,0,1,1,0,0,0,5,5.4,8.4,7.4,0,57,0
24,16,1,0,0,0,0,0,0,0,0,0,9,5,48,9.6,0,0,0,0,0,0,5,9.8,9.8,7.3,0,92,0
23,15,2,0,0,0,0,0,0,0,0,0,11,6,50,8.33,0,0,0,0,0,0,5,11,11,8,0,91,0
26,5,4,0,0,0,0,0,0,0,0,0,8,6,47,7.83,0,0,0,0,0,0,5,10.7,10.7,7.7,0,172,0
25,2,0,1,2,22,1,0,2,-2,-1,0,0,0,0,0,0,0,0,0,0,0,5,4.7,4.7,4.7,0,58,0
23,5,0,0,0,0,0,0,8,30,3.75,0,4,2,21,10.5,0,0,0,0,0,0,5,7.1,7.1,6.1,0,117,0
34,1,1,0,0,0,0,0,0,0,0,0,7,4,52,13,0,0,0,0,0,0,5,9.2,9.2,7.2,0,89,0
23,5,0,0,0,0,0,0,0,0,0,0,5,4,52,13,0,0,0,0,0,0,5,9.2,9.2,7.2,0,170,0
24,3,0,0,0,0,0,0,0,0,0,0,4,4,39,9.75,0,0,0,0,0,0,4,7.9,7.9,5.9,0,175,0
28,16,6,0,0,0,0,0,1,0,0,0,9,6,41,6.83,0,0,0,0,0,0,4,10.1,10.1,7.1,0,120,0
24,15,2,0,0,0,0,0,0,0,0,0,5,3,42,14,0,0,0,0,0,0,4,7.2,7.2,5.7,0,95,0
23,7,0,0,0,0,0,0,0,0,0,0,8,4,40,10,0,0,0,0,0,0,4,8,8,6,0,173,0
25,9,0,0,0,0,0,0,0,0,0,0,3,3,35,11.67,0,1,0,0,0,0,4,6.5,6.5,5,0,126,0
26,8,1,0,0,0,0,0,0,0,0,0,8,6,60,10,0,2,1,0,0,0,4,10,11,7,0,174,0
26,5,2,0,0,0,0,0,0,0,0,0,6,4,36,9,0,0,0,0,0,0,4,7.6,7.6,5.6,0,98,0
34,16,4,0,0,0,0,0,0,0,0,0,4,3,39,13,0,0,0,0,0,0,4,6.9,6.9,5.4,0,96,0
24,10,0,0,0,0,0,0,2,2,1,0,7,7,37,5.29,0,0,0,0,0,0,4,10.9,10.9,7.4,0,122,0
25,14,3,0,0,0,0,0,3,3,1,0,3,2,35,17.5,0,0,0,0,0,0,4,5.8,5.8,4.8,0,123,0
24,6,0,0,0,0,0,0,3,9,3,0,6,4,30,7.5,0,0,0,0,0,0,4,7.9,7.9,5.9,0,121,0
25,11,6,0,0,0,0,0,0,0,0,0,6,5,36,7.2,0,0,0,0,0,0,4,8.6,8.6,6.1,0,99,0
26,16,0,0,0,0,0,0,1,4,4,0,6,4,38,9.5,0,0,0,0,0,0,4,8.2,8.2,6.2,0,119,0
23,5,0,0,0,0,0,0,8,32,4,0,4,3,5,1.67,0,0,0,0,0,0,4,6.7,6.7,5.2,0,124,0
31,8,4,0,0,0,0,0,0,0,0,0,3,3,38,12.67,0,0,0,0,0,0,4,6.8,6.8,5.3,0,97,0
21,7,0,0,0,0,0,0,0,0,0,0,12,4,35,8.75,0,0,0,0,0,0,4,7.5,7.5,5.5,0,177,0
23,3,1,0,0,0,0,0,0,0,0,0,6,3,37,12.33,0,0,0,0,0,0,4,6.7,6.7,5.2,0,176,0
24,6,0,0,0,0,0,0,8,36,4.5,0,0,0,0,0,0,0,0,0,0,0,4,3.6,3.6,3.6,0,125,0
28,13,8,0,0,0,0,0,0,0,0,0,4,3,27,9,0,0,0,0,0,0,3,5.7,5.7,4.2,0,101,0
28,15,0,0,0,0,0,0,11,20,1.82,0,2,1,9,9,0,0,0,0,0,0,3,3.9,3.9,3.4,0,130,0
28,4,0,0,0,0,0,0,16,43,2.69,0,1,1,9,9,0,1,1,0,0,0,3,4.2,5.2,3.7,0,128,0
26,1,0,0,0,0,0,0,4,25,6.25,0,1,1,6,6,0,0,0,0,0,0,3,4.1,4.1,3.6,0,129,0
27,1,0,0,0,0,0,0,9,25,2.78,0,0,0,0,0,0,0,0,0,0,0,3,2.5,2.5,2.5,0,131,0
26,13,1,0,0,0,0,0,0,0,0,0,10,5,33,6.6,0,0,0,0,0,0,3,8.3,8.3,5.8,0,100,0
26,13,0,0,0,0,0,0,0,0,0,0,3,2,25,12.5,0,0,0,0,0,0,3,4.5,4.5,3.5,0,179,0
23,5,0,0,0,0,0,0,6,29,4.83,0,5,3,5,1.67,0,0,0,0,0,0,3,6.4,6.4,4.9,0,127,0
24,4,0,0,0,0,0,0,0,0,0,0,5,4,32,8,0,0,0,0,0,0,3,7.2,7.2,5.2,0,178,0
23,6,0,0,0,0,0,0,1,17,17,0,0,0,0,0,0,1,0,0,0,0,2,1.7,1.7,1.7,0,191,0
29,14,4,0,0,0,0,0,1,0,0,0,4,4,15,3.75,0,0,0,0,0,0,2,5.5,5.5,3.5,0,140,0
29,1,0,0,0,0,0,0,11,17,1.55,0,1,1,5,5,0,0,0,0,0,0,2,3.2,3.2,2.7,0,132,0
36,2,0,7,17,59,0,1,2,13,6.5,0,0,0,0,0,0,0,0,0,0,0,2,1.7,2.7,2.7,0,59,0
27,13,2,0,0,0,0,0,0,0,0,0,5,3,23,7.67,0,0,0,0,0,0,2,5.3,5.3,3.8,0,103,0
28,16,4,0,0,0,0,0,2,3,1.5,0,3,2,17,8.5,0,0,0,0,0,0,2,4,4,3,0,134,0
24,8,0,0,0,0,0,0,0,0,0,0,2,1,44,44,0,1,1,0,0,0,2,3.4,4.4,2.9,0,180,0
25,13,10,0,0,0,0,0,0,0,0,0,1,1,24,24,0,0,0,0,0,0,2,3.4,3.4,2.9,0,102,0
23,11,0,0,0,0,0,0,2,19,9.5,0,0,0,0,0,0,0,0,0,0,0,2,1.9,1.9,1.9,0,135,0
25,4,0,0,0,0,0,0,0,0,0,0,3,1,22,22,0,0,0,0,0,0,2,3.2,3.2,2.7,0,183,0
26,7,0,0,0,0,0,0,4,16,4,0,0,0,0,0,0,0,0,0,0,0,2,1.6,1.6,1.6,0,138,0
27,1,0,2,3,40,0,0,0,0,0,0,0,0,0,0,0,0,0,0,0,0,2,1.6,1.6,1.6,0,60,0
23,14,0,0,0,0,0,0,0,0,0,0,3,2,17,8.5,0,0,0,0,0,0,2,3.7,3.7,2.7,0,190,0
27,5,0,0,0,0,0,0,0,0,0,0,13,3,21,7,0,0,0,0,0,0,2,5.1,5.1,3.6,0,184,0
25,4,0,0,0,0,0,0,6,16,2.67,0,1,0,0,0,0,0,0,0,0,0,2,1.6,1.6,1.6,0,139,0
29,8,0,0,0,0,0,0,0,0,0,0,9,5,24,4.8,0,0,0,0,0,0,2,7.4,7.4,4.9,0,181,0
22,10,1,0,0,0,0,0,2,4,2,0,6,5,36,7.2,0,2,1,0,0,0,2,7,8,4.5,0,186,0
24,5,0,0,0,0,0,0,1,-3,-3,0,3,3,22,7.33,0,0,0,0,0,0,2,4.9,4.9,3.4,0,136,0
29,6,3,0,0,0,0,0,0,0,0,0,3,3,18,6,0,0,0,0,0,0,2,4.8,4.8,3.3,0,188,0
31,3,0,0,0,0,0,0,6,17,2.83,0,0,0,0,0,0,0,0,0,0,0,2,1.7,1.7,1.7,0,137,0
24,1,1,0,0,0,0,0,0,0,0,0,1,1,23,23,0,0,0,0,0,0,2,3.3,3.3,2.8,0,104,0
23,4,0,0,0,0,0,0,1,4,4,0,2,2,17,8.5,0,0,0,0,0,0,2,4.1,4.1,3.1,0,133,0
22,6,0,0,0,0,0,0,0,0,0,0,3,2,20,10,0,0,0,0,0,0,2,4,4,3,0,185,0
25,3,0,0,0,0,0,0,6,15,2.5,0,0,0,0,0,0,0,0,0,0,0,2,1.5,1.5,1.5,0,141,0
28,4,0,0,0,0,0,0,0,0,0,0,5,2,17,8.5,0,0,0,0,0,0,2,3.7,3.7,2.7,0,189,0
29,3,2,0,0,0,0,0,0,0,0,0,3,2,18,9,0,0,0,0,0,0,2,3.8,3.8,2.8,0,187,0
25,16,0,0,0,0,0,0,0,0,0,0,2,1,23,23,0,0,0,0,0,0,2,3.3,3.3,2.8,0,182,0
25,10,0,0,0,0,0,0,1,1,1,0,4,3,28,9.33,0,1,1,0,0,0,1,3.9,4.9,2.4,0,146,0
23,6,0,0,0,0,0,0,0,0,0,0,4,1,10,10,0,0,0,0,0,0,1,2,2,1.5,0,197,0
26,8,1,0,0,0,0,0,0,0,0,0,1,1,6,6,0,0,0,0,0,0,1,1.6,1.6,1.1,0,149,0
25,8,0,0,0,0,0,0,0,0,0,0,2,1,8,8,0,0,0,0,0,0,1,1.8,1.8,1.3,0,202,0
32,2,0,0,0,0,0,0,6,7,1.17,0,3,2,7,3.5,0,0,0,0,0,0,1,3.4,3.4,2.4,0,142,0
25,12,0,0,0,0,0,0,0,0,0,0,2,1,12,12,0,0,0,0,0,0,1,2.2,2.2,1.7,0,195,0
25,14,3,0,0,0,0,0,0,0,0,0,5,2,9,4.5,0,0,0,0,0,0,1,2.9,2.9,1.9,0,109,0
23,5,0,6,12,43,0,1,4,11,2.75,0,0,0,0,0,0,0,0,0,0,0,1,0.8,1.8,1.8,0,63,0
23,11,0,0,0,0,0,0,0,0,0,0,2,2,14,7,0,0,0,0,0,0,1,3.4,3.4,2.4,0,105,0
23,3,1,0,0,0,0,0,0,0,0,0,1,1,14,14,0,0,0,0,0,0,1,2.4,2.4,1.9,0,106,0
28,3,0,2,6,21,0,0,0,0,0,0,0,0,0,0,0,0,0,0,0,0,1,0.8,0.8,0.8,0,62,0
24,16,0,0,0,0,0,0,0,0,0,0,1,1,10,10,0,0,0,0,0,0,1,2,2,1.5,0,196,0
24,3,0,0,0,0,0,0,0,0,0,0,2,1,8,8,0,0,0,0,0,0,1,1.8,1.8,1.3,0,200,0
33,1,0,2,3,29,0,0,1,3,3,0,0,0,0,0,0,0,0,0,0,0,1,1.5,1.5,1.5,0,61,0
26,2,0,0,0,0,0,0,4,8,2,0,0,0,0,0,0,0,0,0,0,0,1,0.8,0.8,0.8,0,148,0
23,16,0,0,0,0,0,0,0,0,0,0,2,1,7,7,0,0,0,0,0,0,1,1.7,1.7,1.2,0,205,0
30,1,1,0,0,0,0,0,0,0,0,0,4,2,7,3.5,0,0,0,0,0,0,1,2.7,2.7,1.7,0,203,0
23,2,0,0,0,0,0,0,0,0,0,0,2,1,8,8,0,0,0,0,0,0,1,1.8,1.8,1.3,0,201,0
23,1,0,0,0,0,0,0,0,0,0,0,1,1,7,7,0,0,0,0,0,0,1,1.7,1.7,1.2,0,204,0
26,2,0,0,0,0,0,0,0,0,0,0,1,1,5,5,0,0,0,0,0,0,1,1.5,1.5,1,0,112,0
22,9,0,0,0,0,0,0,0,0,0,0,5,1,12,12,0,0,0,0,0,0,1,2.2,2.2,1.7,0,194,0
25,5,0,0,0,0,0,0,3,8,2.67,0,1,0,0,0,0,0,0,0,0,0,1,0.8,0.8,0.8,0,199,0
28,1,0,0,0,0,0,0,2,9,4.5,0,0,0,0,0,0,0,0,0,0,0,1,0.9,0.9,0.9,0,147,0
24,10,0,0,0,0,0,0,0,0,0,0,1,1,5,5,0,0,0,0,0,0,1,1.5,1.5,1,0,111,0
29,16,4,0,0,0,0,0,0,0,0,0,4,2,13,6.5,0,0,0,0,0,0,1,3.3,3.3,2.3,0,144,0
24,12,9,0,0,0,0,0,0,0,0,0,4,3,11,3.67,0,0,0,0,0,0,1,4.1,4.1,2.6,0,145,0
23,2,0,0,0,0,0,0,0,0,0,0,1,1,9,9,0,0,0,0,0,0,1,1.9,1.9,1.4,0,198,0
26,7,0,0,0,0,0,0,0,0,0,0,1,1,7,7,0,0,0,0,0,0,1,1.7,1.7,1.2,0,110,0
27,8,4,0,0,0,0,0,0,0,0,0,4,2,9,4.5,0,0,0,0,0,0,1,2.9,2.9,1.9,0,108,0
26,3,0,0,0,0,0,0,0,0,0,0,3,2,11,5.5,0,0,0,0,0,0,1,3.1,3.1,2.1,0,107,0
22,12,0,0,0,0,0,0,0,0,0,0,3,1,5,5,0,0,0,0,0,0,1,1.5,1.5,1,0,206,0
26,16,5,0,0,0,0,0,4,11,2.75,0,1,1,2,2,0,0,0,0,0,0,1,2.3,2.3,1.8,0,143,0
32,16,0,0,0,0,0,0,0,0,0,0,3,2,13,6.5,0,0,0,0,0,0,1,3.3,3.3,2.3,0,193,0
24,3,0,0,0,0,0,0,0,0,0,0,1,1,14,14,0,1,0,0,0,0,1,2.4,2.4,1.9,0,192,0
22,1,0,0,0,0,0,0,0,0,0,0,0,0,0,0,0,0,0,0,0,0,0,0,0,0,0,222,0
26,14,0,0,0,0,0,0,0,0,0,0,0,0,0,0,0,0,0,0,0,0,0,0,0,0,0,129,0
24,3,0,0,0,0,0,0,0,0,0,0,0,0,0,0,0,0,0,0,0,0,0,0,0,0,0,234,0
25,12,0,0,0,0,0,0,1,-4,-4,0,2,1,7,7,0,0,0,0,0,0,0,1.3,1.3,0.8,0,207,0
24,1,0,0,0,0,0,0,0,0,0,0,0,0,0,0,0,0,0,0,0,0,0,0,0,0,0,160,0
24,3,0,0,0,0,0,0,0,0,0,0,1,0,0,0,0,1,0,0,0,0,0,0,0,0,0,209,0
23,7,0,0,0,0,0,0,0,0,0,0,1,0,0,0,0,1,0,0,0,0,0,0,0,0,0,215,0
27,3,0,0,0,0,0,0,0,0,0,0,1,0,0,0,0,0,0,0,0,0,0,0,0,0,0,120,0
24,11,3,0,0,0,0,0,0,0,0,0,2,0,0,0,0,0,0,0,0,0,0,0,0,0,0,114,0
26,14,0,0,0,0,0,0,0,0,0,0,1,0,0,0,0,0,0,0,0,0,0,0,0,0,0,217,0
25,2,0,0,0,0,0,0,0,0,0,0,0,0,0,0,0,0,0,0,0,0,0,0,0,0,0,226,0
24,2,0,0,0,0,0,0,0,0,0,0,0,0,0,0,0,0,0,0,0,0,0,0,0,0,0,156,0
24,7,0,0,0,0,0,0,0,0,0,0,0,0,0,0,0,0,0,0,0,0,0,0,0,0,0,157,0
23,4,0,0,0,0,0,0,0,0,0,0,0,0,0,0,0,0,0,0,0,0,0,0,0,0,0,128,0
23,1,0,0,0,0,0,0,0,0,0,0,0,0,0,0,0,0,0,0,0,0,0,0,0,0,0,236,0
23,1,0,0,0,0,0,0,0,0,0,0,0,0,0,0,0,0,0,0,0,0,0,0,0,0,0,213,0
24,4,0,0,0,0,0,0,0,0,0,0,0,0,0,0,0,0,0,0,0,0,0,0,0,0,0,153,0
25,2,0,0,0,0,0,0,0,0,0,0,0,0,0,0,0,0,0,0,0,0,0,0,0,0,0,113,0
22,2,0,0,0,0,0,0,0,0,0,0,0,0,0,0,0,0,0,0,0,0,0,0,0,0,0,122,0
22,1,0,0,0,0,0,0,0,0,0,0,1,0,0,0,0,0,0,0,0,0,0,0,0,0,0,216,0
23,1,0,0,0,0,0,0,0,0,0,0,0,0,0,0,0,0,0,0,0,0,0,0,0,0,0,235,0
25,1,0,0,0,0,0,0,0,0,0,0,0,0,0,0,0,0,0,0,0,0,0,0,0,0,0,218,0
22,1,0,0,0,0,0,0,0,0,0,0,0,0,0,0,0,0,0,0,0,0,0,0,0,0,0,212,0
28,3,0,0,0,0,0,0,0,0,0,0,0,0,0,0,0,0,0,0,0,0,0,0,0,0,0,229,0
25,2,0,0,0,0,0,0,0,0,0,0,0,0,0,0,0,2,0,0,0,0,0,0,0,0,0,211,0
24,0,0,0,0,0,0,0,0,0,0,0,0,0,0,0,0,0,0,0,0,0,0,0,0,0,0,116,0
34,16,0,0,0,0,0,0,0,0,0,0,0,0,0,0,0,0,0,0,0,0,0,0,0,0,0,127,0
25,5,0,0,0,0,0,0,0,0,0,0,0,0,0,0,0,0,0,0,0,0,0,0,0,0,0,121,0
26,3,0,0,0,0,0,0,2,19,9.5,0,0,0,0,0,0,1,1,0,0,0,0,-0.1,0.9,-0.1,0,165,0
22,5,0,0,0,0,0,0,0,0,0,0,0,0,0,0,0,0,0,0,0,0,0,0,0,0,0,241,0
24,0,0,0,0,0,0,0,0,0,0,0,0,0,0,0,0,0,0,0,0,0,0,0,0,0,0,126,0
31,14,2,0,0,0,0,0,1,-7,-7,0,2,1,9,9,0,0,0,0,0,0,0,1.2,1.2,0.7,0,208,0
27,8,4,0,0,0,0,0,0,0,0,0,0,0,0,0,0,0,0,0,0,0,0,0,0,0,0,118,0
28,1,0,0,0,0,0,0,0,0,0,0,1,0,0,0,0,0,0,0,0,0,0,0,0,0,0,233,0
22,15,0,0,0,0,0,0,0,0,0,0,0,0,0,0,0,0,0,0,0,0,0,0,0,0,0,154,0
30,6,0,0,0,0,0,0,0,0,0,0,2,0,0,0,0,0,0,0,0,0,0,0,0,0,0,155,0
24,1,0,0,0,0,0,0,1,-1,-1,0,0,0,0,0,0,0,0,0,0,0,0,-0.1,-0.1,-0.1,0,69,0
25,7,2,0,0,0,0,0,0,0,0,0,0,0,0,0,0,0,0,0,0,0,0,0,0,0,0,119,0
22,1,0,0,0,0,0,0,0,0,0,0,1,0,0,0,0,0,0,0,0,0,0,0,0,0,0,238,0
23,7,0,0,0,0,0,0,0,0,0,0,0,0,0,0,0,0,0,0,0,0,0,0,0,0,0,231,0
26,3,0,0,0,0,0,0,0,0,0,0,0,0,0,0,0,0,0,0,0,0,0,0,0,0,0,239,0
26,3,0,2,3,23,0,0,7,-9,-1.29,0,0,0,0,0,0,0,0,0,0,0,0,0,0,0,0,67,0
26,1,0,0,0,0,0,0,0,0,0,0,0,0,0,0,0,0,0,0,0,0,0,0,0,0,0,224,0
27,4,0,0,0,0,0,0,0,0,0,0,1,0,0,0,0,0,0,0,0,0,0,0,0,0,0,219,0
28,2,0,1,3,8,0,0,3,-2,-0.67,0,0,0,0,0,0,1,0,0,0,0,0,0.1,0.1,0.1,0,65,0
24,1,0,0,0,0,0,0,0,0,0,0,0,0,0,0,0,0,0,0,0,0,0,0,0,0,0,225,0
25,2,0,0,0,0,0,0,0,0,0,0,0,0,0,0,0,0,0,0,0,0,0,0,0,0,0,230,0
23,1,0,0,0,0,0,0,2,4,2,0,0,0,0,0,0,0,0,0,0,0,0,0.4,0.4,0.4,0,150,0
24,6,0,0,0,0,0,0,0,0,0,0,0,0,0,0,0,1,0,0,0,0,0,0,0,0,0,227,0
24,1,0,0,0,0,0,0,0,0,0,0,0,0,0,0,0,0,0,0,0,0,0,0,0,0,0,240,0
24,2,0,0,0,0,0,0,0,0,0,0,0,0,0,0,0,0,0,0,0,0,0,0,0,0,0,162,0
27,16,0,0,0,0,0,0,0,0,0,0,0,0,0,0,0,0,0,0,0,0,0,0,0,0,0,163,0
25,1,0,0,0,0,0,0,0,0,0,0,0,0,0,0,0,0,0,0,0,0,0,0,0,0,0,164,0
25,2,0,0,0,0,0,0,0,0,0,0,0,0,0,0,0,0,0,0,0,0,0,0,0,0,0,158,0
25,1,0,0,0,0,0,0,0,0,0,0,0,0,0,0,0,0,0,0,0,0,0,0,0,0,0,68,0
26,1,0,0,0,0,0,0,0,0,0,0,0,0,0,0,0,0,0,0,0,0,0,0,0,0,0,210,0
32,2,1,19,35,138,0,3,1,8,8,0,0,0,0,0,0,1,0,0,0,0,0,0.3,3.3,3.3,0,64,0
37,3,0,5,7,20,0,0,1,0,0,0,1,1,-7,-7,0,1,0,0,0,0,0,1.1,1.1,0.6,0,66,0
25,6,0,0,0,0,0,0,0,0,0,0,0,0,0,0,0,0,0,0,0,0,0,0,0,0,0,124,0
23,2,0,0,0,0,0,0,0,0,0,0,0,0,0,0,0,0,0,0,0,0,0,0,0,0,0,159,0
23,3,0,0,0,0,0,0,0,0,0,0,0,0,0,0,0,0,0,0,0,0,0,0,0,0,0,214,0
22,1,0,0,0,0,0,0,0,0,0,0,0,0,0,0,0,0,0,0,0,0,0,0,0,0,0,232,0
33,16,0,0,0,0,0,0,0,0,0,0,0,0,0,0,0,0,0,0,0,0,0,0,0,0,0,220,0
25,2,0,0,0,0,0,0,0,0,0,0,0,0,0,0,0,0,0,0,0,0,0,0,0,0,0,1,0
30,16,16,0,0,0,0,0,0,0,0,0,0,0,0,0,0,0,0,0,0,0,0,0,0,0,0,125,0
31,1,0,0,0,0,0,0,0,0,0,0,0,0,0,0,0,1,0,0,0,0,0,0,0,0,0,237,0
24,1,0,0,0,0,0,0,0,0,0,0,0,0,0,0,0,0,0,0,0,0,0,0,0,0,0,223,0
25,5,0,0,0,0,0,0,0,0,0,0,2,1,2,2,0,0,0,0,0,0,0,1.2,1.2,0.7,0,151,0
27,1,1,0,0,0,0,0,0,0,0,0,0,0,0,0,0,0,0,0,0,0,0,0,0,0,0,123,0
32,2,2,0,0,0,0,0,0,0,0,0,3,0,0,0,0,0,0,0,0,0,0,0,0,0,0,228,0
35,1,0,0,0,0,0,0,1,-1,-1,0,0,0,0,0,0,0,0,0,0,0,0,-0.1,-0.1,-0.1,0,70,0
27,1,0,0,0,0,0,0,0,0,0,0,0,0,0,0,0,0,0,0,0,0,0,0,0,0,0,221,0
25,5,0,0,0,0,0,0,0,0,0,0,1,0,0,0,0,0,0,0,0,0,0,0,0,0,0,115,0
24,3,0,0,0,0,0,0,3,0,0,0,1,1,1,1,0,0,0,0,0,0,0,1.1,1.1,0.6,0,152,0
23,3,0,0,0,0,0,0,0,0,0,0,0,0,0,0,0,0,0,0,0,0,0,0,0,0,0,117,0
26,4,0,2,4,2,0,0,7,-7,-1,0,0,0,0,0,0,0,0,0,0,0,-1,-0.6,-0.6,-0.6,0,72,0
33,5,0,1,2,7,0,0,11,-8,-0.73,0,0,0,0,0,0,0,0,0,0,0,-1,-0.5,-0.5,-0.5,0,71,0
23,12,0,0,0,0,0,0,0,0,0,0,3,2,15,7.5,0,1,1,0,0,0,-1,1.5,2.5,0.5,0,242,0
28,5,0,1,4,8,0,0,8,2,0.25,0,0,0,0,0,0,1,1,0,0,0,-1,-1.5,-0.5,-1.5,0,73,0
30,3,0,0,0,0,0,0,1,-11,-11,0,0,0,0,0,0,0,0,0,0,0,-1,-1.1,-1.1,-1.1,0,243,0
29,2,0,0,0,0,0,0,4,10,2.5,0,2,1,3,3,0,1,1,0,0,0,-1,0.3,1.3,-0.2,0,166,0
26,2,0,0,0,0,0,0,0,0,0,0,0,0,0,0,0,1,1,0,0,0,-2,-2,-1,-2,0,246,0
26,4,0,0,0,0,0,0,1,0,0,0,1,1,3,3,0,2,1,0,0,0,-2,-0.7,0.3,-1.2,0,244,0
23,2,0,0,5,0,0,1,1,-2,-2,0,0,0,0,0,0,0,0,0,0,0,-2,-2.2,-1.2,-1.2,0,74,0
25,1,0,0,0,0,0,0,0,0,0,0,1,0,0,0,0,1,1,0,0,0,-2,-2,-1,-2,0,247,0
24,13,0,0,0,0,0,0,0,0,0,0,0,0,0,0,0,2,1,0,0,0,-2,-2,-1,-2,0,245,0
